DateTime,Entries,UniqueIPs
1655715043,1239571,1362753
1655715942,1239574,1362757
1655716541,1239579,1362762
1655716842,1239580,1362763
1655717443,1239582,1362765
1655718344,1239584,1362767
1655719540,1239587,1362770
1655720145,1239590,1362773
1655721044,1239592,1362775
1655721643,1239593,1362776
1655722244,1239594,1362777
1655723150,1239597,1362780
1655723743,1239598,1362781
1655725842,1239599,1362782
1655726743,1239601,1362784
1655727342,1239602,1362785
1655727942,1239603,1362786
1655728246,1239604,1362787
1655728847,1239605,1362788
1655729441,1239606,1362789
1655730346,1239609,1362792
1655730944,1239621,1362805
1655733940,1239623,1362807
1655734243,1239624,1362808
1655734549,1239625,1362809
1655735443,1239626,1362810
1655736346,1239627,1362811
1655737546,1239627,1362813
1655737846,1239631,1362817
1655741149,1239633,1362819
1655741740,1239636,1362822
1655743545,1239637,1362823
1655745040,1239647,1362836
1655745641,1239648,1362837
1655746547,1239649,1362838
1655747445,1239650,1362839
1655748349,1239653,1362842
1655748941,1239658,1362847
1655749859,1239659,1362848
1655751045,1239661,1362850
1655751944,1239663,1362852
1655752247,1239666,1362855
1655753446,1239667,1362856
1655755541,1239669,1362859
1655755841,1239672,1362864
1655756446,1239673,1362865
1655757044,1239674,1362867
1655759144,1239675,1362869
1655759748,1239684,1362879
1655761544,1239685,1362880
1655763042,1239688,1362883
1655763640,1239689,1362884
1655764540,1239692,1362887
1655766347,1239695,1362890
1655766944,1239698,1362893
1655767851,1239698,1362894
1655768440,1239699,1362895
1655770544,1239701,1362897
1655772640,1239702,1362898
1655773840,1239704,1362900
1655777443,1239705,1362901
1655779547,1239704,1362902
1655780740,1239705,1362903
1655781340,1239712,1362910
1655782539,1239714,1362912
1655784350,1239716,1362914
1655784946,1239729,1362927
1655785843,1239730,1362928
1655786448,1239740,1362939
1655787944,1239742,1362941
1655788543,1239748,1362947
1655791843,1239753,1362954
1655793050,1239755,1362956
1655793942,1239756,1362957
1655795140,1239757,1362959
1655795444,1239762,1362964
1655795743,1239763,1362965
1655797844,1239764,1362966
1655798746,1239765,1362967
1655799047,1239770,1362972
1655801443,1239771,1362973
1655802342,1239773,1362975
1655802941,1239777,1362980
1655806243,1239782,1362985
1655807444,1239783,1362986
1655808348,1239785,1362988
1655809840,1239791,1362995
1655811047,1239792,1362996
1655813146,1239794,1362998
1655813446,1239795,1362999
1655815844,1239796,1363000
1655817045,1239802,1363006
1655820642,1239810,1363014
1655822746,1239816,1363020
1655823944,1239817,1363021
1655824547,1239819,1363023
1655825449,1239821,1363025
1655827840,1239826,1363030
1655828146,1239827,1363031
1655831142,1239829,1363033
1655831446,1239848,1363052
1655832647,1239849,1363053
1655834744,1239850,1363054
1655835043,1239856,1363061
1655836244,1239859,1363064
1655836843,1239860,1363065
1655837439,1239862,1363067
1655838642,1239870,1363079
1655839539,1239871,1363081
1655840139,1239872,1363082
1655841939,1239872,1363083
1655842543,1239877,1363088
1655844343,1239878,1363089
1655845841,1239888,1363102
1655847042,1239890,1363104
1655848240,1239893,1363107
1655849144,1239894,1363108
1655849440,1239902,1363116
1655852443,1239903,1363117
1655853040,1239912,1363126
1655854242,1239915,1363129
1655854840,1239916,1363130
1655855441,1239918,1363132
1655856639,1239927,1363141
1655856944,1239928,1363142
1655859040,1239930,1363144
1655860237,1239932,1363146
1655861439,1239934,1363148
1655863544,1239935,1363149
1655863840,1239937,1363151
1655865045,1239939,1363153
1655867440,1239961,1363176
1655868644,1239965,1363180
1655869542,1239966,1363181
1655871038,1239976,1363193
1655871342,1239974,1363191
1655872245,1239976,1363193
1655872539,1240009,1363227
1655872840,1240010,1363228
1655874345,1240016,1363234
1655874941,1240026,1363244
1655875841,1240027,1363245
1655877040,1240029,1363247
1655878239,1240031,1363249
1655879447,1240033,1363251
1655880340,1240038,1363256
1655881840,1240042,1363260
1655882144,1240043,1363261
1655885144,1240044,1363262
1655885444,1240047,1363266
1655886647,1240047,1363265
1655887548,1240046,1363264
1655889046,1240052,1363270
1655889646,1240052,1363271
1655890253,1240053,1363272
1655892644,1240059,1363278
1655892945,1240061,1363280
1655894143,1240063,1363281
1655896242,1240071,1363289
1655897447,1240072,1363290
1655898644,1240074,1363292
1655900142,1240078,1363296
1655901340,1240080,1363298
1655901943,1240081,1363299
1655903141,1240082,1363300
1655903445,1240083,1363301
1655904943,1240084,1363302
1655907041,1240085,1363304
1655907642,1240084,1363303
1655909440,1240085,1363304
1655910048,1240086,1363305
1655910345,1240087,1363306
1655910942,1240090,1363309
1655913947,1240093,1363312
1655914545,1240094,1363313
1655914842,1240097,1363316
1655915140,1240098,1363317
1655915451,1240101,1363320
1655916939,1240100,1363319
1655917250,1240101,1363320
1655917544,1240103,1363322
1655918141,1240105,1363324
1655919940,1240106,1363325
1655921144,1240107,1363326
1655921745,1240108,1363327
1655922945,1240110,1363330
1655923542,1240111,1363331
1655924744,1240112,1363332
1655925343,1240116,1363336
1655925643,1240117,1363337
1655927142,1240118,1363338
1655928640,1240121,1363341
1655929243,1240122,1363342
1655929843,1240123,1363343
1655931339,1240124,1363344
1655932242,1240124,1363347
1655934039,1240123,1363348
1655935540,1240124,1363349
1655936143,1240125,1363350
1655939439,1240129,1363354
1655943341,1240131,1363357
1655944839,1240139,1363365
1655946340,1240140,1363366
1655946639,1240144,1363370
1655948441,1240145,1363371
1655950242,1240146,1363372
1655952345,1240147,1363373
1655953840,1240156,1363382
1655957438,1240162,1363388
1655958937,1240172,1363398
1655961039,1240174,1363400
1655962540,1240173,1363399
1655964640,1240177,1363403
1655966140,1240178,1363404
1655966442,1240178,1363405
1655968542,1240185,1363412
1655968845,1240186,1363413
1655971839,1240189,1363416
1655975147,1240190,1363417
1655975740,1240196,1363424
1655978744,1240197,1363425
1655979346,1240198,1363427
1655979643,1240199,1363428
1655980241,1240200,1363429
1655980844,1240201,1363430
1655982642,1240202,1363431
1655983244,1240203,1363432
1655986247,1240205,1363435
1655986542,1240206,1363436
1655989543,1240210,1363441
1655989843,1240212,1363443
1655990445,1240213,1363444
1655991043,1240214,1363445
1655991945,1240215,1363446
1655993442,1240218,1363449
1655993742,1240219,1363450
1655994642,1240220,1363451
1655995240,1240221,1363452
1655997040,1240226,1363457
1656001841,1240225,1363456
1656004542,1240228,1363459
1656007548,1240227,1363460
1656007842,1240229,1363462
1656011143,1240231,1363464
1656011745,1240236,1363469
1656015043,1240239,1363473
1656018642,1240241,1363475
1656025839,1240244,1363478
1656027641,1240245,1363479
1656028239,1240246,1363480
1656029744,1240250,1363484
1656032744,1240251,1363485
1656033341,1240253,1363487
1656033941,1240254,1363488
1656034244,1240256,1363490
1656037841,1240259,1363493
1656039946,1240261,1363495
1656040540,1240265,1363499
1656044443,1240262,1363495
1656045041,1240264,1363497
1656047140,1240264,1363498
1656047438,1240265,1363499
1656048641,1240266,1363500
1656052245,1240267,1363501
1656054340,1240268,1363502
1656055845,1240270,1363504
1656058840,1240271,1363505
1656059741,1240272,1363506
1656060642,1240271,1363505
1656062147,1240275,1363509
1656063941,1240276,1363510
1656065440,1240278,1363512
1656069041,1240280,1363514
1656070842,1240281,1363515
1656072639,1240282,1363516
1656074143,1240283,1363517
1656076241,1240286,1363520
1656079839,1240287,1363521
1656080441,1240295,1363529
1656081339,1240297,1363532
1656081644,1240298,1363533
1656081946,1240299,1363534
1656082540,1240298,1363533
1656083439,1240303,1363538
1656086745,1240304,1363539
1656088242,1240305,1363540
1656090347,1240308,1363543
1656090944,1240309,1363544
1656093643,1240308,1363543
1656094240,1240313,1363548
1656094546,1240314,1363549
1656095441,1240315,1363550
1656096038,1240316,1363551
1656097541,1240319,1363556
1656097843,1240320,1363557
1656098150,1240319,1363556
1656101139,1240320,1363557
1656101445,1240321,1363558
1656105039,1240326,1363563
1656112240,1240331,1363572
1656115846,1240332,1363573
1656117940,1240333,1363574
1656119139,1240334,1363575
1656123040,1240335,1363576
1656126637,1240354,1363595
1656130240,1240360,1363601
1656131739,1240361,1363602
1656133838,1240375,1363616
1656134141,1240374,1363615
1656136240,1240375,1363616
1656141044,1240394,1363639
1656141640,1240395,1363640
1656144345,1240396,1363641
1656144943,1240397,1363642
1656147944,1240398,1363643
1656148542,1240415,1363663
1656149441,1240416,1363664
1656151840,1240424,1363672
1656152141,1240425,1363673
1656155142,1240428,1363676
1656155744,1240442,1363691
1656159042,1240445,1363694
1656159644,1240446,1363695
1656162641,1240453,1363703
1656164139,1240456,1363706
1656164439,1240456,1363707
1656166241,1240459,1363710
1656169544,1240460,1363711
1656170141,1240461,1363713
1656173744,1240463,1363715
1656174642,1240464,1363716
1656176741,1240466,1363718
1656177038,1240473,1363725
1656180338,1240475,1363727
1656180641,1240479,1363731
1656183945,1240481,1363733
1656184242,1240489,1363741
1656185442,1240490,1363742
1656186338,1240491,1363743
1656187839,1240498,1363751
1656191139,1240500,1363753
1656191441,1240511,1363764
1656195044,1240515,1363768
1656198339,1240522,1363775
1656198938,1240536,1363790
1656201942,1240539,1363793
1656202539,1240542,1363796
1656203442,1240543,1363797
1656206141,1240549,1363803
1656207042,1240550,1363805
1656208240,1240551,1363806
1656209740,1240556,1363811
1656212740,1240557,1363813
1656213039,1240563,1363819
1656215439,1240573,1363829
1656216643,1240575,1363832
1656217842,1240577,1363834
1656220239,1240580,1363837
1656221738,1240581,1363838
1656222340,1240582,1363839
1656223837,1240583,1363840
1656227444,1240584,1363841
1656230740,1240585,1363842
1656234641,1240601,1363861
1656236742,1240602,1363862
1656238242,1240609,1363869
1656241841,1240642,1363904
1656245445,1240654,1363916
1656246648,1240655,1363917
1656248744,1240656,1363918
1656249039,1240662,1363924
1656252342,1240662,1363924
1656252941,1240665,1363927
1656256239,1240667,1363929
1656260141,1240670,1363932
1656260441,1240671,1363933
1656263141,1240672,1363934
1656263441,1240672,1363936
1656266743,1240672,1363937
1656267040,1240674,1363939
1656270340,1240676,1363941
1656270941,1240677,1363942
1656274240,1240679,1363944
1656277839,1240681,1363946
1656281442,1240682,1363947
1656284739,1240683,1363948
1656285042,1240684,1363949
1656288940,1240686,1363951
1656292238,1240687,1363953
1656293739,1240688,1363954
1656295840,1240690,1363956
1656297337,1240691,1363957
1656299142,1240694,1363960
1656299740,1240696,1363962
1656303042,1240699,1363965
1656306343,1240701,1363967
1656306640,1240704,1363970
1656311739,1240706,1363972
1656313840,1240712,1363978
1656317442,1240715,1363981
1656318044,1240716,1363982
1656321039,1240736,1364013
1656324644,1240738,1364016
1656326138,1240740,1364018
1656327946,1240742,1364020
1656328539,1240746,1364024
1656329441,1240747,1364025
1656331549,1240748,1364026
1656332141,1240751,1364029
1656333044,1240753,1364031
1656333944,1240754,1364032
1656335139,1240756,1364034
1656335442,1240760,1364039
1656339037,1240765,1364044
1656340539,1240766,1364045
1656342641,1240767,1364046
1656344139,1240767,1364047
1656346243,1240771,1364051
1656349842,1240776,1364058
1656351342,1240768,1364050
1656351948,1240767,1364049
1656352545,1240767,1364048
1656353142,1240745,1364025
1656353746,1240749,1364029
1656356751,1240751,1364031
1656357046,1240761,1364041
1656358246,1240763,1364043
1656359150,1240762,1364042
1656360049,1240763,1364043
1656360342,1240765,1364045
1656360944,1240767,1364048
1656361847,1240768,1364049
1656364246,1240770,1364053
1656365445,1240772,1364055
1656367543,1240774,1364057
1656368144,1240776,1364059
1656369044,1240777,1364060
1656371142,1240780,1364064
1656371738,1240781,1364065
1656374742,1240783,1364067
1656375344,1240786,1364072
1656376842,1240787,1364073
1656378638,1240790,1364077
1656379841,1240791,1364078
1656380439,1240810,1364097
1656381945,1240811,1364098
1656383441,1240812,1364099
1656385841,1240816,1364103
1656387340,1240817,1364104
1656389440,1240820,1364107
1656393041,1240826,1364113
1656394841,1240827,1364114
1656400542,1240831,1364118
1656401445,1240833,1364120
1656403838,1240834,1364121
1656405343,1240836,1364123
1656405939,1240837,1364124
1656407441,1240841,1364128
1656411039,1240846,1364134
1656412240,1240848,1364136
1656414939,1240855,1364144
1656418245,1240857,1364146
1656422140,1240858,1364148
1656425141,1240859,1364149
1656429338,1240860,1364150
1656430244,1240861,1364151
1656431145,1240862,1364152
1656436240,1240867,1364158
1656441045,1240868,1364159
1656443439,1240872,1364163
1656447039,1240876,1364167
1656448841,1240875,1364166
1656450639,1240894,1364185
1656454243,1240901,1364192
1656457539,1240903,1364194
1656457844,1240908,1364199
1656458738,1240909,1364200
1656459044,1240910,1364201
1656461142,1240911,1364202
1656461742,1240912,1364204
1656463844,1240911,1364203
1656465041,1240913,1364205
1656465942,1240913,1364204
1656468641,1240914,1364205
1656469540,1240913,1364204
1656472238,1240918,1364209
1656475841,1240920,1364211
1656477340,1240935,1364226
1656477642,1240937,1364228
1656479442,1240940,1364231
1656484542,1240940,1364230
1656484844,1240940,1364231
1656486345,1240941,1364232
1656486940,1240942,1364233
1656487841,1240943,1364234
1656489942,1240945,1364236
1656490538,1240951,1364242
1656494140,1240955,1364246
1656495047,1240956,1364247
1656497741,1240959,1364250
